{
    "eig": [
        0.1676042079925537,
        0.8349676132202148,
        5.319272994995117,
        33.819058418273926,
        267.15941071510315
    ],
    "solve": [
        0.00976109504699707,
        0.015119314193725586,
        0.07953047752380371,
        0.5434150695800781,
        5.191667795181274
    ],
    "inv": [
        0.00595545768737793,
        0.05575895309448242,
        0.2858569622039795,
        2.135286808013916,
        16.09119176864624
    ]
}